,coin,symbol,price,1h,24h,7d,24h_volume,mkt_cap,Liquidity_Ratio,volatility
0,Bitcoin,BTC,40851.38,0.001,0.0,-0.027,20476118020,776077432316,0.026384117315323013,Stable
1,Ethereum,ETH,2824.42,0.004,0.0289999999999999,0.034,13640408875,339077214308,0.04022803154979847,Stable
2,Tether,USDT,1.0,-0.0,0.0,0.0,44131404071,80205879149,0.5502265487174106,High
3,BNB,BNB,389.61,0.002,0.016,-0.01,1425353937,65561157431,0.02174082936989203,Stable
4,USD Coin,USDC,0.999739,-0.001,0.0,-0.0,3569816487,52596068421,0.06787230669839728,Stable
5,XRP,XRP,0.796926,0.006,0.016,0.038,3642947060,38342363497,0.09501101986801187,Stable
6,Terra,LUNA,87.64,-0.0,-0.02,-0.118,1555363904,32256574723,0.04821850792765589,Stable
7,Solana,SOL,90.62,0.016,0.0579999999999999,0.0279999999999999,1921988835,29270600684,0.06566277391261753,Stable
8,Cardano,ADA,0.838396,0.002,0.018,-0.013,784436216,26891734979,0.029170160148185804,Stable
9,Avalanche,AVAX,79.78,0.002,0.083,0.027,1386901493,21282040395,0.065167693851659,Stable
10,Polkadot,DOT,18.88,0.001,0.02,0.0559999999999999,665211395,20667608398,0.03218618149666375,Stable
11,Binance USD,BUSD,0.999538,-0.001,-0.002,-0.001,3713594658,17812484632,0.20848268698733663,High
12,Dogecoin,DOGE,0.11685,0.001,0.011,-0.038,364002532,15509604862,0.023469491017907275,Stable
13,TerraUSD,UST,1.0,-0.0,-0.001,0.002,566868455,15173316373,0.0373595620802258,Stable
14,Shiba Inu,SHIB,2.2354322e-05,-0.002,-0.002,-0.063,435900196,12283647613,0.03548621791614074,Stable
15,Wrapped Bitcoin,WBTC,40815.68,-0.001,0.0,-0.0279999999999999,257062192,11140930359,0.02307367371633707,Stable
16,Cronos,CRO,0.40337,-0.001,0.004,-0.013,64923668,10212443722,0.006357309745574332,Low
17,Polygon,MATIC,1.46,0.009,0.012,-0.031,584477121,10031137796,0.0582662837343402,Stable
18,Dai,DAI,1.0,0.0,0.001,0.0,233460109,9445061382,0.02471769103003591,Stable
19,Cosmos Hub,ATOM,28.48,0.005,-0.012,-0.053,504577854,8263048473,0.06106437057082964,Stable
20,Litecoin,LTC,110.64,-0.002,0.011,0.037,541046078,7733039423,0.06996551399838893,Stable
21,Lido Staked Ether,STETH,2824.49,0.005,0.03,0.035,6987747,7293486788,0.0009580804357522064,Low
22,Near,NEAR,10.9,0.003,0.026,-0.063,392643350,7152121268,0.05489886640440001,Stable
23,Chainlink,LINK,14.54,0.003,0.009,0.037,555565709,6790110728,0.08181983052338819,Stable
24,TRON,TRX,0.060963260767,0.001,0.004,0.002,431830570,6203344202,0.0696125438051261,Stable
25,FTX Token,FTT,43.02,0.001,0.016,0.004,63018114,5917599044,0.010649270680800117,Low
26,LEO Token,LEO,6.23,0.004,0.044,0.068,1071771,5840393387,0.00018351007012398017,Low
27,Bitcoin Cash,BCH,297.65,0.002,0.006,-0.035,1192569491,5652413614,0.2109841162448237,High
28,OKB,OKB,19.98,0.001,0.049,0.075,170494374,5198998452,0.03279369585778826,Stable
29,Algorand,ALGO,0.755697,0.013,0.034,-0.017,138333415,5010872275,0.027606653574102524,Stable
30,Stellar,XLM,0.190708,0.003,0.021,0.009,202509305,4685689241,0.04321868023769782,Stable
31,Uniswap,UNI,9.22,0.002,0.02,0.003,158548328,4212948930,0.0376335746372316,Stable
32,Hedera,HBAR,0.206426,0.001,0.031,-0.031,50736623,4083726959,0.012424097768873387,Low
33,Axie Infinity,AXS,50.9,0.006,0.01,0.044,229754416,3771229668,0.06092294456355555,Stable
34,Decentraland,MANA,2.45,0.002,0.01,-0.019,385577318,3706590158,0.1040248048918496,Stable
35,The Sandbox,SAND,3.21,0.004,0.042,0.083,1054426538,3671953183,0.2871568577948288,High
36,Internet Computer,ICP,16.83,0.003,0.034,-0.037,139063958,3629124742,0.038318869668657975,Stable
37,Ethereum Classic,ETC,27.11,0.004,0.006,-0.036,254873416,3623500485,0.07033900424605573,Stable
38,Elrond,EGLD,159.18,-0.003,-0.02,0.121,163087133,3510358610,0.046458824045899974,Stable
39,Monero,XMR,187.35,0.003,-0.01,-0.0069999999999999,162222710,3388734398,0.047871178719625346,Stable
40,cETH,CETH,56.52,0.001,0.052,0.037,4709,3354874341,1.4036293229976448e-06,Low
41,VeChain,VET,0.048673709569,0.004,0.016,0.002,226027621,3250000117,0.06954695780400183,Stable
42,Filecoin,FIL,17.67,0.002,0.024,-0.062,194035869,3150729995,0.061584416724988204,Stable
43,Fantom,FTM,1.22,-0.003,0.001,-0.107,662240690,3103751456,0.21336782258121637,High
44,Klaytn,KLAY,1.1,0.004,-0.002,-0.032,40036524,3037372912,0.013181300143233779,Low
45,Osmosis,OSMO,9.33,0.002,-0.0069999999999999,-0.077,61428078,3010426563,0.020405107619959572,Stable
46,Waves,WAVES,28.78,0.003,0.0069999999999999,0.008,728914468,2875764773,0.2534680426033579,High
47,Frax,FRAX,0.999541,0.001,-0.0,-0.001,15926230,2873694989,0.005542073901705927,Low
48,Theta Network,THETA,2.87,0.003,0.019,-0.065,102779208,2860648763,0.03592863595466858,Stable
49,Magic Internet Money,MIM,0.998598,0.001,0.001,-0.002,57656794,2782892167,0.02071829971843821,Stable
50,Tezos,XTZ,3.1,0.003,0.017,-0.027,74557601,2726280216,0.027347739444550184,Stable
51,The Graph,GRT,0.4138,0.012,-0.06,0.193,215095821,2557806263,0.08409386751118453,Stable
52,cUSDC,CUSDC,0.022557565168,0.002,0.001,0.001,1167,2466484503,4.7314304978627306e-07,Low
53,THORChain,RUNE,8.08,0.006,0.1159999999999999,0.4639999999999999,384542700,2430711865,0.15820167973714153,High
54,Helium,HNT,22.94,0.004,0.057,0.057,21484397,2312307759,0.009291322453240965,Low
55,EOS,EOS,2.09,0.006,0.012,0.009,228300347,2061422334,0.11074894418020796,Stable
56,Flow,FLOW,5.72,0.01,0.052,-0.053,118680955,2031100138,0.058431858075133465,Stable
57,Aave,AAVE,147.18,0.0069999999999999,0.071,0.153,406722278,2009385126,0.2024113111704202,High
58,IOTA,MIOTA,0.714113,-0.0,0.003,-0.033,23553216,1985719860,0.011861298501592264,Low
59,ECOMI,OMI,0.003390695541,0.001,-0.0069999999999999,-0.253,3682195,1972387319,0.0018668721728888787,Low
60,cDAI,CDAI,0.021937899212,0.0,0.001,0.001,187,1928856560,9.694862950306684e-08,Low
61,Theta Fuel,TFUEL,0.164365,0.005,0.012,0.025,15319348,1886178774,0.0081218960849148,Low
62,Maker,MKR,2079.04,0.008,0.052,0.087,96980207,1874509741,0.05173630463411926,Stable
63,Zcash,ZEC,152.32,0.0,0.023,0.076,357248948,1862253242,0.1918369317034058,High
64,PancakeSwap,CAKE,6.51,0.002,0.172,0.043,449533416,1806774957,0.24880432079178968,High
65,JUNO,JUNO,39.16,0.003,0.021,-0.071,8314477,1786829872,0.004653200134097602,Low
66,Gala,GALA,0.230194,-0.001,0.01,-0.0139999999999999,598834885,1738051630,0.3445437837770101,High
67,BitTorrent,BTT,1.826877e-06,0.002,0.009,-0.017,72096087,1685671515,0.04276995034824445,Stable
68,Arweave,AR,33.62,0.016,0.034,-0.107,39217699,1683869236,0.023290228339322188,Stable
69,Huobi BTC,HBTC,40909.07,-0.001,-0.008,-0.027,2193840,1631618698,0.0013445788545382311,Low
70,Harmony,ONE,0.13101,0.0069999999999999,0.027,-0.035,66326965,1548715682,0.04282707650660956,Stable
71,Quant,QNT,114.66,0.005,0.018,-0.035,21373345,1538860559,0.013889071933774866,Low
72,eCash,XEC,7.9780188e-05,-0.002,0.0069999999999999,0.046,23608652,1517444421,0.01555816586972051,Low
73,Bitcoin SV,BSV,78.09,0.002,0.013,-0.065,82946701,1484128146,0.055889177240898445,Stable
74,NEO,NEO,20.65,0.001,0.026,-0.03,131240437,1456710686,0.09009368727868315,Stable
75,Huobi Token,HT,9.11,0.0,0.013,-0.001,29386478,1418233628,0.020720477515006434,Stable
76,TrueUSD,TUSD,1.0,0.0,-0.0,-0.001,96692815,1413028225,0.06842950005474943,Stable
77,Xido Finance,XIDO,48.68,0.047,0.5770000000000001,1.357,1489749,1388958494,0.0010725655276492374,Low
78,Celsius Network,CEL,3.27,0.001,0.03,0.0559999999999999,3708538,1388056538,0.0026717485192235017,Low
79,KuCoin Token,KCS,18.19,-0.006,-0.011,-0.032,8987570,1385861365,0.006485186921997786,Low
80,Enjin Coin,ENJ,1.42,0.004,0.017,0.021,113142084,1330338268,0.08504760535085201,Stable
81,Stacks,STX,1.26,0.004,0.001,0.119,24411447,1327159918,0.018393749441128013,Low
82,Humans.ai,HEART,0.041455610624,-0.006,-0.063,-0.5579999999999999,898844,1309127902,0.000686597542246869,Low
83,Celo,CELO,3.01,-0.025,0.195,0.044,746494395,1293158139,0.5772645838793271,High
84,Basic Attention Token,BAT,0.851143,0.002,0.035,0.241,207580189,1275120629,0.16279258940606472,High
85,Radix,XRD,0.128757,0.02,0.053,0.074,221810,1262403652,0.00017570449804117012,Low
86,NEXO,NEXO,2.21,0.006,0.0139999999999999,0.02,5428058,1240018250,0.004377401703563637,Low
87,Kusama,KSM,134.99,0.0069999999999999,0.064,0.0,69995764,1211430260,0.057779441632900934,Stable
88,Amp,AMP,0.025125131288,-0.002,0.005,-0.033,6754386,1207186380,0.005595147619210217,Low
89,Chiliz,CHZ,0.203275,0.018,0.025,0.013,108108608,1083816831,0.0997480431266711,Stable
90,Kadena,KDA,6.24,0.008,0.003,-0.053,48584887,1069867085,0.045412077519891174,Stable
91,Dash,DASH,96.91,0.002,-0.0069999999999999,-0.0289999999999999,165410045,1029536952,0.1606645052211783,High
92,Frax Share,FXS,17.71,0.002,-0.01,-0.012,3134769,1023317870,0.003063338471749741,Low
93,Convex Finance,CVX,18.71,0.006,0.024,0.095,22222451,1013012985,0.021936985338840448,Stable
94,BitDAO,BIT,1.14,0.003,0.012,0.001,42339293,1011521016,0.041857057174578764,Stable
95,Pax Dollar,USDP,0.99955,-0.001,-0.0,-0.001,71689116,995452485,0.07201661262616668,Stable
96,Synthetix Network Token,SNX,4.48,0.001,0.059,-0.06,99940204,960919289,0.1040047849429735,Stable
97,GateToken,GT,6.32,-0.004,-0.031,-0.05,6795778,959114001,0.007085474711988903,Low
98,Loopring,LRC,0.715444,-0.001,0.0069999999999999,-0.033,92431592,891618804,0.10366716312546499,Stable
99,NEM,XEM,0.097812627388,0.003,-0.004,-0.027,12854080,880846859,0.014592865795755763,Low
100,Mina Protocol,MINA,2.02,-0.013,0.118,0.068,132755480,851729245,0.15586582329928098,High
101,Curve DAO Token,CRV,2.13,-0.002,0.0559999999999999,-0.011,162949799,838186885,0.19440747870923797,High
102,Oasis Network,ROSE,0.228057,0.002,0.002,-0.047,46311590,795948991,0.058184117982002695,Stable
103,Secret,SCRT,4.73,0.004,0.0279999999999999,-0.002,7931935,784928146,0.01010530077233337,Low
104,LINK,LN,131.31,0.001,0.017,0.022,2027017,784870999,0.0025826116681373266,Low
105,cUSDT,CUSDT,0.021768404499,0.0,0.0,0.0,5320,775840943,6.8570756003527905e-06,Low
106,Compound,COMP,115.17,0.001,0.051,0.045,55258209,766476634,0.07209379457743521,Stable
107,Anchor Protocol,ANC,2.85,-0.005,-0.083,-0.335,77859396,754479150,0.10319621953767709,Stable
108,Decred,DCR,52.84,-0.012,-0.07,-0.059,10725860,732991389,0.014632995913680509,Low
109,IoTeX,IOTX,0.077158067035,-0.015,0.0069999999999999,0.0579999999999999,53815127,732645462,0.07345316362581933,Stable
110,Holo,HOT,0.004092449012,0.002,-0.013,-0.026,45825585,726741711,0.06305621970829743,Stable
111,Bitkub Coin,KUB,7.93,-0.002,0.004,-0.045,2877708,703620569,0.004089857697153251,Low
112,yearn.finance,YFI,19370.21,-0.004,0.02,-0.049,79795044,691957768,0.11531779494380935,Stable
113,Neutrino USD,USDN,1.0,-0.001,-0.003,0.008,6067663,685994297,0.008845063328565834,Low
114,Nexus Mutual,NXM,95.18,0.006,0.03,0.035,21594,655250086,3.29553562240967e-05,Low
115,XDC Network,XDC,0.052299016906,0.012,0.034,-0.0559999999999999,9542402,644478092,0.014806402449441213,Low
116,Smooth Love Potion,SLP,0.017171858167,0.003,0.038,-0.064,237291070,642859351,0.3691181743423065,High
117,WAX,WAXP,0.276858,0.001,0.01,-0.04,20480550,626238810,0.03270405741860681,Stable
118,Qtum,QTUM,5.97,0.003,0.003,-0.013,61604038,621303049,0.0991529626309624,Stable
119,Sushi,SUSHI,3.21,0.012,0.0279999999999999,0.009,138705772,618121984,0.22439870380018712,High
120,PAX Gold,PAXG,1946.03,-0.002,0.005,-0.024,22038867,617755161,0.03567573108466511,Stable
121,1inch,1INCH,1.49,0.008,-0.003,0.087,64145152,617505356,0.10387788765997359,Stable
122,renBTC,RENBTC,40854.63,0.002,0.009,-0.026,10275356,613544826,0.016747522861516234,Low
123,Livepeer,LPT,24.57,0.013,0.032,-0.023,11245178,612934461,0.018346460699327525,Low
124,Marinade staked SOL,MSOL,93.71,0.013,0.0579999999999999,0.027,14128670,607857600,0.02324338792506666,Stable
125,Bancor Network Token,BNT,2.32,0.005,0.013,0.011,18087546,595471450,0.030375169120198792,Stable
126,Ankr,ANKR,0.072733294373,0.001,0.0069999999999999,-0.05,21277459,594634282,0.035782429039299825,Stable
127,Pocket Network,POKT,0.697976,-0.003,-0.0,-0.079,1086957,587728129,0.0018494214354678267,Low
128,Zilliqa,ZIL,0.041562864374,0.002,0.013,0.001,30167523,585253625,0.05154606774114385,Stable
129,OMG Network,OMG,4.13,0.003,0.005,0.037,75465179,579014475,0.13033383837252083,High
130,Gnosis,GNO,306.2,0.001,0.025,-0.025,1192417,571602114,0.002086096203626007,Low
131,Render Token,RNDR,2.46,0.001,0.011,-0.073,19940200,568806275,0.03505622366771534,Stable
132,Fei USD,FEI,1.0,0.002,0.003,0.009,6008234,560856126,0.010712611882926996,Low
133,ICON,ICX,0.745261,0.002,-0.011,-0.102,27185040,547848667,0.04962144044059525,Stable
134,SafeMoon,SFM,0.000962072159,0.012,-0.064,-0.152,310296,544136940,0.000570253510081488,Low
135,Ravencoin,RVN,0.051574181471,0.003,-0.003,-0.067,14056137,539976450,0.026031018574976743,Stable
136,IOST,IOST,0.022801632948,0.0,0.01,-0.027,36690680,526323716,0.06971124212080916,Stable
137,Bitcoin Gold,BTG,29.92,0.0,0.0069999999999999,-0.036,6176845,523876360,0.011790654191763873,Low
138,Kava,KAVA,3.21,0.001,0.013,-0.009,15300789,517309409,0.02957763522913228,Stable
139,Rally,RLY,0.196257,0.015,0.09,-0.001,7033356,510399595,0.013780097141338836,Low
140,e-Radix,EXRD,0.128151,0.009,0.05,0.078,2236562,508057632,0.00440218168005003,Low
141,UMA,UMA,7.69,-0.003,-0.006,-0.046,62505441,503852158,0.12405512213763308,High
142,OEC Token,OKT,32.97,0.001,0.024,-0.083,3504725,502905278,0.006968956488064538,Low
143,Songbird,SGB,0.063697975897,0.003,0.0139999999999999,-0.1169999999999999,1141938,495479119,0.002304714681629197,Low
144,WOO Network,WOO,0.512092,0.004,0.04,0.018,49800358,489182316,0.10180326714835701,Stable
145,Moonbeam,GLMR,2.41,-0.004,0.0139999999999999,-0.08,44775987,485893979,0.0921517634199785,Stable
146,Velas,VLX,0.213294,0.002,0.001,-0.049,3415563,485455669,0.007035787648820309,Low
147,Tether Gold,XAUT,1958.19,0.001,0.004,-0.023,2671319,483043378,0.005530184496184109,Low
148,Horizen,ZEN,39.44,0.001,0.021,-0.054,25684055,480024115,0.0535057598095879,Stable
149,Sapphire,SAPP,0.569767,0.005,0.012,-0.045,241909,478721909,0.0005053226005580622,Low
150,Rocket Pool,RPL,29.01,0.003,-0.034,0.0289999999999999,1766976,469695713,0.003761958968529057,Low
151,Golem,GLM,0.466554,0.001,0.003,-0.088,12086033,466317264,0.025918047503383876,Stable
152,Liquity USD,LUSD,1.01,0.001,0.002,0.001,3788413,465309713,0.008141701954972946,Low
153,Audius,AUDIO,0.743362,0.001,0.01,-0.046,6575647,457745959,0.014365275914975363,Low
154,STEPN,GMT,0.761181,0.013,0.425,4.6080000000000005,1358531219,456251258,2.9775944617779007,High
155,Baby Doge Coin,BABYDOGE,2.83e-09,0.004,-0.012,-0.071,9830393,449901755,0.021850088137575725,Stable
156,Siacoin,SC,0.008924907028,0.006,0.002,-0.0579999999999999,8429351,448569310,0.018791635566864796,Low
157,Ontology,ONT,0.509902,0.004,0.021,-0.027,26504330,446660094,0.05933892540666505,Stable
158,0x,ZRX,0.51816,0.003,0.016,-0.01,24224308,439124277,0.05516503930389619,Stable
159,Metis Token,METIS,146.26,0.0069999999999999,-0.001,-0.075,36285014,438927006,0.08266753584079992,Stable
160,APENFT,NFT,1.538902e-06,0.001,0.01,-0.052,52887977,426608620,0.12397306224145213,High
161,Synapse,SYN,2.42,0.004,0.111,-0.011,8785527,425904952,0.020627905260890228,Stable
162,dYdX,DYDX,4.8,0.0,0.034,-0.053,84542474,410559152,0.20592032497183257,High
163,SwissBorg,CHSB,0.426636,-0.004,-0.002,-0.077,717426,407989611,0.0017584418344417107,Low
164,Everdome,DOME,0.047881406153,-0.025,0.131,0.038,59460882,407661797,0.1458583620971479,High
165,SKALE,SKL,0.123037,0.002,-0.026,-0.013,8458820,399524174,0.021172235750620688,Stable
166,Dogelon Mars,ELON,7.16912e-07,0.006,-0.01,-0.035,8089301,395179401,0.02046994600308127,Stable
167,Convex CRV,CVXCRV,2.1,0.022,0.083,0.022,284039,394323956,0.0007203189044897896,Low
168,Olympus,OHM,27.85,0.002,-0.005,-0.147,8810942,391190971,0.022523377718756194,Stable
169,Constellation,DAG,0.149017,-0.001,-0.02,0.125,925421,376819046,0.002455876394315801,Low
170,Immutable X,IMX,1.59,0.001,0.01,0.001,74989985,374143811,0.20043091131073126,High
171,Gemini Dollar,GUSD,0.999103,-0.001,-0.002,-0.001,2599754,370970338,0.007007983479261353,Low
172,JUST,JST,0.049988160157,0.005,0.022,-0.044,46444031,365218776,0.12716769797180416,High
173,NuCypher,NU,0.423049,0.004,0.008,-0.107,4447816,358798163,0.012396429131104553,Low
174,Polymath,POLY,0.396075,0.002,0.0289999999999999,-0.047,16295087,356459406,0.045713724271874034,Stable
175,Ethereum Name Service,ENS,15.1,-0.003,0.075,0.0289999999999999,130802509,350492086,0.3731967545766497,High
176,Illuvium,ILV,543.69,0.0069999999999999,0.045,0.025,10973374,349615509,0.03138697717211395,Stable
177,REN,REN,0.34295,0.002,0.011,-0.153,45489119,343396923,0.13246804485781605,High
178,Decentralized Social,DESO,32.58,-0.019,-0.038,0.053,665903,343383679,0.0019392389351154922,Low
179,Keep Network,KEEP,0.623793,0.001,0.023,-0.066,1863025,342624992,0.005437504687340496,Low
180,Hive,HIVE,0.921978,0.003,0.063,0.008,27492473,342506941,0.08026836746645669,Stable
181,Flux,FLUX,1.43,0.002,0.003,0.044,11148974,328526106,0.03393634111987435,Stable
182,Nervos Network,CKB,0.010823610593,0.002,0.026,-0.025,5885924,326436851,0.0180308196883078,Low
183,Nano,XNO,2.43,0.025,0.1009999999999999,0.3929999999999999,272633201,325248112,0.8382314637386734,High
184,HUSD,HUSD,0.999448,-0.001,0.0,-0.0,21491124,321832852,0.06677728475028398,Stable
185,Lido DAO,LDO,2.9,0.016,-0.024,0.2289999999999999,6548070,320418126,0.02043601615721328,Stable
186,DeFi Kingdoms,JEWEL,4.33,0.0069999999999999,0.053,-0.093,13531791,319385783,0.04236816953120296,Stable
187,Ultra,UOS,1.17,0.005,0.024,-0.038,4195149,317369548,0.013218498833416746,Low
188,Spell Token,SPELL,0.003476639888,0.0069999999999999,-0.02,-0.109,47028727,316934220,0.14838639702585601,High
189,Telcoin,TEL,0.005151230174,0.011,0.051,-0.0139999999999999,2189831,316916231,0.006909810182615734,Low
190,Syscoin,SYS,0.497339,0.019,0.062,-0.043,11664234,316225956,0.03688575772698431,Stable
191,FLEX Coin,FLEX,3.95,-0.0,-0.001,0.006,1321112348,311501806,4.241106544338944,High
192,ConstitutionDAO,PEOPLE,0.060997698339,0.004,0.004,-0.055,148965778,309380835,0.48149646373538296,High
193,Kyber Network Crystal,KNC,3.01,0.01,-0.018,-0.043,19917604,308453415,0.06457248657791648,Stable
194,LooksRare,LOOKS,1.25,0.018,-0.0279999999999999,0.099,52982527,306746978,0.1727238760278838,High
195,Tomb,TOMB,1.19,-0.004,0.015,-0.1009999999999999,10836099,305642692,0.03545348632121065,Stable
196,Lisk,LSK,2.1,-0.004,0.03,-0.005,8942754,304232009,0.02939452041681781,Stable
197,DigitalBits,XDB,0.395059,-0.004,0.015,0.207,1567720,302184765,0.00518795181484414,Low
198,DigiByte,DGB,0.01993648681,0.004,0.0139999999999999,-0.035,12119980,302087064,0.040120817619651535,Stable
199,Persistence,XPRT,3.61,-0.001,0.091,0.07,5704698,298811585,0.019091287909737503,Low
200,PlayDapp,PLA,0.812543,0.002,0.016,-0.0279999999999999,21899896,295009942,0.07423443376698131,Stable
201,Tenset,10SET,3.29,0.001,0.003,0.345,2346397,290187601,0.008085793438155891,Low
202,Stargaze,STARS,0.387759,0.001,-0.035,-0.209,1422449,288957891,0.004922686122456507,Low
203,Ronin,RON,1.93,0.0,0.036,-0.039,2336649,285584777,0.008181980232090592,Low
204,Trust Wallet Token,TWT,0.81527,-0.006,0.13,0.109,26534917,284403138,0.09330036646782709,Stable
205,Casper Network,CSPR,0.067306582006,0.0139999999999999,0.062,0.037,10361454,280491915,0.03694029469619472,Stable
206,Tokemak,TOKE,24.1,0.006,-0.042,-0.118,6082833,280398265,0.021693547212212602,Stable
207,SafeMoon [OLD],SAFEMOON,5.15423e-07,0.002,0.02,-0.009,879,277800683,3.164139088887697e-06,Low
208,Radio Caca,RACA,0.001337390452,-0.0,0.004,0.084,17146649,277127753,0.061872724093425605,Stable
209,Pirate Chain,ARRR,1.44,-0.003,0.003,0.221,1185789,275717440,0.004300739916923645,Low
210,SXP,SXP,1.41,0.005,0.05,0.045,68376375,273381975,0.25011296008085393,High
211,MAI,MIMATIC,1.0,0.002,0.003,0.008,5757297,269690665,0.02134778005757077,Stable
212,Floki Inu,FLOKI,2.8878952e-05,0.0,0.019,-0.095,7318364,264302676,0.027689329940798632,Stable
213,Injective,INJ,5.4,0.008,0.0139999999999999,0.011,25990848,262798491,0.09890029391378811,Stable
214,Mobox,MBOX,2.11,-0.004,0.033,0.0559999999999999,42594303,261388946,0.16295372720160858,High
215,MXC,MXC,0.105998,-0.005,0.017,0.1689999999999999,22877952,258748257,0.08841780139991436,Stable
216,Everscale,EVER,0.19269,0.0,-0.0139999999999999,-0.011,14939,258439550,5.780462007459772e-05,Low
217,Perpetual Protocol,PERP,3.95,0.004,0.023,-0.017,9229627,257335955,0.03586606076869437,Stable
218,Zenon,ZNN,5.21,0.0069999999999999,-0.026,-0.114,38130,257245207,0.0001482243360126045,Low
219,WINkLink,WIN,0.000265884701,-0.0,-0.001,-0.043,78640150,256027145,0.3071555166542985,High
220,Coin98,C98,1.37,0.003,0.023,0.036,32845038,254083272,0.12926879342139455,High
221,WazirX,WRX,0.55677,-0.001,-0.002,-0.123,6363664,254078525,0.025046052199807125,Stable
222,Serum,SRM,1.9,0.005,0.018,-0.016,28934537,253353070,0.1142063800529435,Stable
223,Lido Staked SOL,STSOL,93.27,0.0139999999999999,0.064,0.0279999999999999,4306699,252733440,0.017040479487004174,Low
224,Zipmex Token,ZMT,2.84,-0.002,0.018,0.003,14507743,252612673,0.05743078060062331,Stable
225,Mirror Protocol,MIR,1.71,0.005,0.004,-0.1689999999999999,49984848,248849118,0.20086407539527626,High
226,Creditcoin,CTC,1.17,-0.001,0.032,0.02,3120629,242723178,0.01285674085892201,Low
227,Tribe,TRIBE,0.531679,-0.005,-0.021,-0.0409999999999999,8080240,242034097,0.033384717691243314,Stable
228,VVS Finance,VVS,2.2036915e-05,-0.0,-0.013,-0.129,2778953,236041817,0.011773138485881084,Low
229,Metahero,HERO,0.044697410123,-0.005,-0.01,-0.13,7788330,234727576,0.03318029407844266,Stable
230,Yield Guild Games,YGG,2.65,0.022,0.096,-0.013,32498566,232020727,0.14006751215808405,High
231,Function X,FX,0.490287,-0.008,0.003,-0.025,2789713,230355668,0.012110459552486462,Low
232,API3,API3,4.64,0.003,-0.012,-0.146,30688251,230330587,0.13323567399235603,High
233,Dent,DENT,0.002405588079,-0.002,0.023,-0.042,15366549,230289059,0.06672722128757319,Stable
234,Raydium,RAY,2.52,0.006,0.004,-0.01,20578926,229551472,0.08964841663049758,Stable
235,Fetch.ai,FET,0.333007,0.01,0.016,-0.06,18218920,229348461,0.07943772511296686,Stable
236,Escoin Token,ELG,3.31,0.005,-0.015,0.017,724098,228752259,0.003165424477840894,Low
237,Euro Tether,EURT,1.11,-0.0,0.006,0.003,14717552,228389194,0.0644406670133439,Stable
238,CoinEx Token,CET,0.06114066275,-0.001,-0.0,0.049,525677,227207627,0.0023136415222540043,Low
239,Astroport,ASTRO,1.81,-0.002,-0.104,0.095,8759702,227045274,0.03858130074973505,Stable
240,Chromia,CHR,0.399507,0.001,0.053,0.02,58264434,226830657,0.2568631364498495,High
241,Chia,XCH,65.99,-0.003,0.015,-0.077,9082334,225459171,0.04028371948551163,Stable
242,xSUSHI,XSUSHI,4.02,0.012,0.0579999999999999,0.022,255785,225344906,0.0011350822370042835,Low
243,Cratos,CRTS,0.003236528133,0.003,0.099,-0.027,16517737,223198961,0.07400454252114552,Stable
244,Status,SNT,0.057335510854,-0.002,0.01,-0.086,8733449,222865089,0.03918715595693859,Stable
245,Telos,TLOS,0.858613,0.001,0.046,-0.059,3788138,222068806,0.01705839765716577,Low
246,Power Ledger,POWR,0.511559,0.002,0.013,-0.04,31170583,219951909,0.14171544653426946,High
247,Astar,ASTR,0.107755,-0.001,0.044,0.027,8916820,218062741,0.04089107547263198,Stable
248,Medibloc,MED,0.040421543227,0.001,0.0069999999999999,-0.013,4569259,217275804,0.021029764547551736,Stable
249,Celer Network,CELR,0.03831685277,0.009,0.036,-0.038,29766536,216429137,0.13753479042888758,High
250,COTI,COTI,0.204755,0.001,0.016,-0.032,12162479,215079506,0.05654875829964014,Stable
251,Vulcan Forged,PYR,8.9,0.001,0.023,-0.096,20305571,212825987,0.09540926503491325,Stable
252,Dopex,DPX,1173.9,0.0069999999999999,0.042,0.0069999999999999,3078417,211922629,0.01452613632874477,Low
253,Energy Web Token,EWT,5.03,-0.0,0.025,-0.02,1278646,211101992,0.006057005847675753,Low
254,PLEX,PLEX,0.857492,0.024,0.05,0.142,14908002,210041737,0.07097637932788568,Stable
255,Orbs,ORBS,0.072277990941,-0.001,0.001,-0.008,5313234,209383845,0.02537556801481031,Stable
256,Alchemix USD,ALUSD,0.998794,-0.0,0.0,0.001,142769,208931720,0.0006833285055998199,Low
257,XYO Network,XYO,0.016424293565,-0.0,0.005,-0.055,4920583,204717393,0.024035979199871892,Stable
258,Boba Network,BOBA,1.28,0.005,0.0579999999999999,0.162,7605916,204133364,0.037259543716724325,Stable
259,Ocean Protocol,OCEAN,0.465948,0.001,-0.0069999999999999,0.0069999999999999,13125747,202260490,0.06489525957343424,Stable
260,Unibright,UBT,1.34,-0.0,0.135,0.74,1513662,201738743,0.007503080357747644,Low
261,Mdex,MDX,0.231902,0.001,0.037,0.043,10470382,200934743,0.0521083703279726,Stable
262,LUKSO Token,LYXE,13.11,-0.002,0.0069999999999999,-0.051,2438281,199459617,0.01222443438262493,Low
263,Mask Network,MASK,4.21,0.002,0.043,-0.01,72687776,198784023,0.36566206329368833,High
264,DAO Maker,DAO,2.19,0.005,0.005,-0.051,2620710,198134048,0.01322695430923614,Low
265,Origin Protocol,OGN,0.41561,-0.013,-0.043,0.488,103519781,197701631,0.5236162214564634,High
266,UFO Gaming,UFO,7.566144e-06,0.0069999999999999,0.005,-0.0559999999999999,5528279,194844243,0.028372811610348683,Stable
267,Ardor,ARDR,0.194427,-0.004,0.008,-0.043,5019344,194331101,0.02582882500109954,Stable
268,Pundi X,PUNDIX,0.745885,0.0,0.008,-0.049,4093358,192900544,0.021220043837719815,Stable
269,Civic,CVC,0.28617,-0.001,0.067,0.044,61814649,192055742,0.321857854164027,High
270,GMX,GMX,25.47,0.003,0.119,0.0139999999999999,3169278,190389663,0.016646271389219276,Low
271,Kyber Network Crystal Legacy,KNCL,3.03,0.015,-0.011,-0.032,82195466,187322633,0.43879089613266326,High
272,MX Token,MX,1.87,-0.001,0.006,-0.005,374184,186909022,0.0020019579365195116,Low
273,Coinmetro,XCM,0.613238,0.003,0.006,-0.024,36444,185482862,0.000196481764444631,Low
274,Conflux,CFX,0.118894,-0.001,0.022,-0.055,5488882,185392410,0.029606832340115758,Stable
275,Yoshi.exchange,YOSHI,1.4,0.001,0.05,0.28,1673418,183581718,0.009115384790112924,Low
276,Wonderland,TIME,200.89,0.002,0.021,-0.054,1142909,181461291,0.006298362552705525,Low
277,MiL.k Alliance,MLK,0.814028,-0.001,-0.0,-0.004,9464173,181018689,0.052282850197859956,Stable
278,XSGD,XSGD,0.737151,0.0,0.003,0.002,2206838,180464893,0.012228627758641123,Low
279,Divi,DIVI,0.064853595251,0.018,0.036,-0.008,202892,180441034,0.001124422729699055,Low
280,JOE,JOE,0.982235,-0.011,0.1119999999999999,-0.033,47914853,180295364,0.2657575432721609,High
281,Radicle,RAD,4.33,-0.0,-0.022,-0.065,7819981,178613189,0.04378165489223755,Stable
282,SuperFarm,SUPER,0.612438,-0.002,0.012,-0.062,13815815,176123468,0.07844391867187171,Stable
283,Pundi X [OLD],NPXS,0.000739037314,0.005,0.23,-0.0559999999999999,3233,175021533,1.847201281227493e-05,Low
284,Aragon,ANT,4.6,0.005,-0.0069999999999999,-0.032,20342438,174947342,0.11627749108643216,Stable
285,Reserve Rights Token,RSR,0.013289915359,-0.003,-0.037,0.016,62606911,174938398,0.35787975490663865,High
286,Moonriver,MOVR,51.56,0.001,0.0579999999999999,-0.063,19258945,174781398,0.11018875704381309,Stable
287,BTSE Token,BTSE,8.47,0.017,0.0069999999999999,0.088,182389,171754643,0.001061915979761898,Low
288,Ergo,ERG,3.26,-0.006,0.002,0.004,1480738,170208459,0.008699555878124718,Low
289,Rari Governance Token,RGT,15.15,-0.0,0.016,-0.064,109283,170001175,0.0006428367333343432,Low
290,Request,REQ,0.219206,-0.002,0.006,0.093,11689099,169969973,0.06877155296129864,Stable
291,Cartesi,CTSI,0.321965,0.003,0.033,0.0,17202782,167831024,0.10250060799247701,Stable
292,Aurora,AURORA,7.35,-0.001,0.072,-0.069,1298850,167615843,0.007748969171130202,Low
293,Veritaseum,VERI,77.68,-0.064,0.032,0.3279999999999999,61535,167034953,0.0003683959488407196,Low
294,Power Cash,PRCH,0.000580255891,0.004,0.057,-0.034,121835,165663549,0.0007354363753247856,Low
295,MMFinance,MMF,1.2,-0.002,0.091,0.381,46298812,165134827,0.28036976112858375,High
296,sBTC,SBTC,40716.13,0.0,0.005,-0.0279999999999999,2583416,165066520,0.015650757040252622,Low
297,Numeraire,NMR,27.87,0.0,-0.009,-0.036,3832085,164787989,0.0232546378122255,Stable
298,Alchemy Pay,ACH,0.040004817834,0.005,-0.013,-0.045,6824925,164599197,0.041463902159862905,Stable
299,FEG Token BSC,FEG,3.893e-09,0.025,-0.023,-0.013,270143,163269693,0.0016545814170177927,Low
300,inSure DeFi,SURE,0.006161036427,0.006,0.03,0.132,1159883,162967567,0.00711726278640461,Low
301,Multichain,MULTI,8.85,-0.001,-0.033,-0.243,841002,162445121,0.005177145332668994,Low
302,Bifrost,BFC,0.149851,-0.0,0.005,-0.026,1897563,159291451,0.011912522537069488,Low
303,Ion,ION,7395.39,-0.037,0.048,-0.139,417792,157510201,0.002652475822819882,Low
304,World Mobile Token,WMT,0.668572,0.001,0.022,-0.0559999999999999,1060965,156579542,0.006775885191949277,Low
305,Poollotto.finance,PLT,17.97,0.015,0.021,0.036,701074,156426727,0.004481804442536217,Low
306,Mango,MNGO,0.150121,0.001,0.015,-0.017,491181,156098438,0.0031466106022149947,Low
307,AscendEx Token,ASD,0.209002,-0.002,-0.001,-0.047,1996023,155507488,0.01283554268460693,Low
308,Reef Finance,REEF,0.008484927042,0.002,0.005,-0.022,15128863,154953141,0.09763508440270985,Stable
309,Storj,STORJ,1.06,0.003,0.0279999999999999,0.076,22799371,153045067,0.14897161631482053,High
310,FEG Token,FEG,3.712e-09,-0.012,0.005,0.001,596220,152507971,0.003909435002580947,Low
311,Tokamak Network,TON,3.63,0.001,0.018,-0.049,3175683,152418252,0.02083531964400169,Stable
312,Akash Network,AKT,1.14,0.013,0.039,0.005,1488453,150977820,0.009858752762491868,Low
313,Origin Dollar,OUSD,0.996761,-0.001,0.003,-0.005,384674,150877504,0.002549578232683383,Low
314,Verge,XVG,0.009119355152,0.0,-0.001,-0.1369999999999999,3989138,150565690,0.02649433612664346,Stable
315,VeThor Token,VTHO,0.003276533427,-0.002,0.01,0.021,5281032,149610423,0.0352985567055044,Stable
316,Merit Circle,MC,2.12,-0.001,0.015,0.035,9053682,149412537,0.0605951962384522,Stable
317,USDX,USDX,0.972184,0.0069999999999999,0.006,0.003,633490,148673012,0.004260961633036667,Low
318,Band Protocol,BAND,3.57,0.001,-0.012,-0.043,14710862,148621625,0.0989819752004461,Stable
319,aelf,ELF,0.320715,-0.001,0.0069999999999999,-0.038,6682894,148069098,0.04513361727914355,Stable
320,Biconomy,BICO,1.29,-0.006,-0.018,-0.0,30433864,147807938,0.2059014178250697,High
321,OriginTrail,TRAC,0.403433,-0.01,0.006,-0.093,1641938,147741339,0.011113599017807738,Low
322,Beldex,BDX,0.09810351345,0.005,-0.0289999999999999,0.3779999999999999,270960,147183281,0.001840969967234254,Low
323,Orchid Protocol,OXT,0.245431,0.0,0.035,0.06,16831078,145268599,0.11586177684552461,Stable
324,StarLink,STARL,1.4478205e-05,0.002,0.003,-0.023,6019692,144516643,0.04165397060876926,Stable
325,GPEX,GPX,3.77,-0.002,-0.017,-0.061,166864,144310185,0.0011562870631757558,Low
326,Kishu Inu,KISHU,1.484e-09,-0.0,-0.039,0.073,5930373,143713655,0.04126520197402258,Stable
327,Beta Finance,BETA,0.390171,0.001,0.0069999999999999,-0.087,16200954,140529092,0.1152854100843404,Stable
328,Ark,ARK,0.855048,0.008,0.024,-0.053,2191914,139681382,0.01569224164749458,Low
329,TrueFi,TRU,0.214734,0.095,0.1939999999999999,0.242,14102206,137832596,0.10231401286238562,Stable
330,STASIS EURO,EURS,1.11,-0.001,0.005,0.001,5583658,137830475,0.04051105533808833,Stable
331,Acala,ACA,1.08,0.002,-0.0139999999999999,-0.054,8839438,137419617,0.06432442611159365,Stable
332,Keep3rV1,KP3R,361.53,0.003,0.003,-0.032,19120535,135737507,0.14086405019947804,High
333,Magic,MAGIC,2.66,-0.002,-0.045,-0.054,4586490,135701244,0.03379843739678613,Stable
334,Hxro,HXRO,0.304276,0.0,-0.003,-0.066,71104,133744124,0.0005316420480648555,Low
335,Sperax,SPA,0.170244,-0.004,0.026,-0.026,911737,133654459,0.006821598073282389,Low
336,MaidSafeCoin,MAID,0.295224,0.001,0.001,-0.067,7810,133599281,5.845839844003352e-05,Low
337,flexUSD,FLEXUSD,1.0,-0.0,-0.005,0.002,312664,132659636,0.0023568887223541003,Low
338,Prometeus,PROM,8.05,-0.001,0.011,-0.031,889637,132399958,0.006719314820326454,Low
339,Iron Bank EURO,IBEUR,1.1,0.0,0.016,0.005,57945,132176489,0.0004383911271845025,Low
340,Qredo,QRDO,2.61,-0.0,0.0279999999999999,0.024,16725771,131117652,0.12756307594647898,High
341,Bezoge Earth,BEZOGE,2.984e-09,-0.004,-0.022,-0.177,176270,130736810,0.0013482813294893763,Low
342,Victoria VR,VR,0.154224,0.01,0.067,0.131,10041552,130077410,0.07719674000274145,Stable
343,Polkastarter,POLS,1.47,0.018,-0.042,0.198,34461134,129790575,0.2655133779937411,High
344,DUSK Network,DUSK,0.32285,-0.024,-0.0069999999999999,-0.108,10733697,129772453,0.0827116753352886,Stable
345,iExec RLC,RLC,1.81,0.004,-0.001,0.01,4304190,129744853,0.03317426395326834,Stable
346,RMRK,RMRK,13.61,-0.006,-0.003,-0.07,3122953,129381545,0.02413754604646281,Stable
347,THORChain (ERC20),RUNE,7.98,0.003,0.122,0.584,2414143,129360305,0.018662162245211156,Low
348,Metadium,META,0.076139640664,-0.002,-0.012,0.004,9899795,128563501,0.07700315348444034,Stable
349,StormX,STMX,0.013797399421,0.002,-0.0139999999999999,-0.1,1844462,128358108,0.014369657115855899,Low
350,Stratis,STRAX,0.94622,-0.003,0.013,-0.04,14410182,128080393,0.11250888338545308,Stable
351,STP Network,STPT,0.087992796441,0.0,0.016,-0.046,7298290,127931734,0.05704831609645813,Stable
352,Steem,STEEM,0.322052,0.004,0.02,-0.011,4267199,127246640,0.033534865832213726,Stable
353,DEAPCOIN,DEP,0.027101682754,-0.008,-0.018,-0.159,5123322,126235341,0.04058548073316489,Stable
354,Meerkat Shares,MSHARE,14141.32,0.001,0.091,1.065,8589756,126105039,0.06811588234788936,Stable
355,RSK Infrastructure Framework,RIF,0.151385,-0.002,0.01,-0.07,206651,125639850,0.0016447886558285448,Low
356,Dawn Protocol,DAWN,1.72,0.001,0.0139999999999999,0.006,4063485,125035795,0.03249857370843285,Stable
357,Alpha Finance,ALPHA,0.280024,0.003,0.004,-0.003,5728562,125007857,0.04582561558510678,Stable
358,NKN,NKN,0.191882,0.005,-0.003,-0.0139999999999999,5872145,124824929,0.047043046986231414,Stable
359,Decentral Games,DG,0.322954,-0.01,0.059,0.008,1307545,124818085,0.01047560535798959,Low
360,Balancer,BAL,11.52,0.0,0.006,-0.038,8895097,124477702,0.07145936064918679,Stable
361,Strike,STRK,39.63,0.002,0.044,-0.01,70589902,124043364,0.5690743924036114,High
362,Alien Worlds,TLM,0.099181828389,0.008,0.0279999999999999,-0.019,53533075,123122031,0.4347968805030515,High
363,Dero,DERO,10.93,0.001,0.0069999999999999,-0.158,568520,122930832,0.00462471448985231,Low
364,Sun Token,SUN,0.011601809279,0.0,0.0,-0.026,20031921,122048839,0.16413036915492493,High
365,Tomb Shares,TSHARE,3117.12,-0.015,0.07,-0.346,15057752,122042187,0.12338153199434225,High
366,GXChain,GXC,1.62,-0.006,-0.01,-0.046,11044304,122034911,0.09050118453398963,Stable
367,Ankr Reward-Bearing Staked ETH,AETHC,2254.71,0.005,0.027,-0.035,103476,120703323,0.0008572754869391624,Low
368,Spookyswap,BOO,13.41,-0.005,0.027,-0.073,3033122,120688730,0.025131774938720458,Stable
369,Maple,MPL,26.62,-0.016,0.048,0.216,6013862,120557876,0.04988360942921722,Stable
370,Kirobo,KIRO,0.125334,0.009,-0.008,-0.102,60450,119964465,0.0005038992171556802,Low
371,BENQI Liquid Staked AVAX,SAVAX,79.79,-0.0,0.095,0.0289999999999999,1138158,119637582,0.009513381840164573,Low
372,sETH2,SETH2,2818.01,0.005,0.0279999999999999,0.035,958190,119015862,0.008050943663290865,Low
373,Aavegotchi,GHST,1.94,-0.001,0.0,-0.008,28955029,117650490,0.2461105686852643,High
374,FUNToken,FUN,0.011072744983,-0.0069999999999999,0.012,-0.012,840985,117522843,0.007155927975636192,Low
375,agEUR,AGEUR,1.11,0.003,0.011,0.005,2130541,115865259,0.018388091636682917,Low
376,Alchemix,ALCX,96.93,-0.001,0.023,-0.144,6978992,114928689,0.0607245419809844,Stable
377,Hoo Token,HOO,1.39,-0.004,0.035,0.059,8832185,114432549,0.0771824544430973,Stable
378,Beefy.Finance,BIFI,1462.88,-0.004,0.005,-0.093,1404924,114334270,0.012287864347233774,Low
379,Alpine F1 Team Fan Token,ALPINE,10.0,0.002,0.142,0.953,226663985,114038968,1.9876011592809222,High
380,DODO,DODO,0.395012,-0.003,0.009,-0.033,24729655,113721778,0.21745751284331838,High
381,Hathor,HTR,0.491681,0.001,0.0279999999999999,-0.049,5298234,112171936,0.047233151079785235,Stable
382,TitanSwap,TITAN,1.12,-0.018,-0.008,-0.038,24457,111774842,0.00021880594561699313,Low
383,PlatON Network,LAT,0.046419884436,0.005,0.022,-0.047,2598864,111691885,0.023268154172525604,Stable
384,Phantasma,SOUL,1.07,0.005,-0.009,-0.105,2935493,111502505,0.026326700014497433,Stable
385,Tornado Cash,TORN,47.28,-0.002,-0.01,-0.044,7275467,111302578,0.06536656320754763,Stable
386,Klever,KLV,0.020930640049,-0.002,-0.01,0.015,3409196,110824223,0.030762191763798786,Stable
387,JasmyCoin,JASMY,0.023128577628,-0.016,0.098,0.685,657631520,110553343,5.9485448576620605,High
388,BTC Standard Hashrate Token,BTCST,15.08,0.0069999999999999,-0.015,-0.092,3149394,109935865,0.028647557373565034,Stable
389,KardiaChain,KAI,0.032601817619,-0.002,-0.015,-0.061,2890097,109334845,0.02643344854972813,Stable
390,My Neighbor Alice,ALICE,6.27,0.001,0.033,-0.016,99965004,109282154,0.9147422551718737,High
391,Proton,XPR,0.011066116011,-0.002,0.008,-0.102,8687937,109182891,0.07957232969769962,Stable
392,Utrust,UTK,0.237003,-0.001,0.015,-0.051,8201156,109107417,0.07516588904308862,Stable
393,Kava Swap,SWP,1.82,-0.012,0.008,0.0,1981564,109049036,0.01817131148229499,Low
394,Regen,REGEN,0.873466,-0.002,0.013,-0.04,185688,107921529,0.001720583480613956,Low
395,BakerySwap,BAKE,0.559948,0.002,0.021,-0.016,15467623,107743877,0.14355918341419996,High
396,Hydra,HYDRA,9.26,0.004,0.04,0.0559999999999999,884096,107523003,0.008222389398852635,Low
397,Venus,XVS,8.86,0.003,0.04,-0.01,15729939,106857130,0.14720532920919738,High
398,CRYPTO20,C20,3.21,0.005,0.094,-0.0139999999999999,244162,106817045,0.002285796241601703,Low
399,Pylon Protocol,MINE,0.054820562279,-0.002,0.025,0.118,255036,106639197,0.0023915783987008077,Low
400,QuarkChain,QKC,0.016027563853,0.008,0.0279999999999999,-0.031,2308543,106547838,0.02166672776598245,Stable
401,Orion Protocol,ORN,3.06,0.003,-0.012,-0.074,9655123,104853664,0.09208188471124862,Stable
402,Seedify.fund,SFUND,4.37,-0.002,0.013,-0.168,3082745,104617801,0.029466734824602173,Stable
403,TomoChain,TOMO,1.19,0.0069999999999999,0.015,-0.0279999999999999,2030435,104551092,0.01942050495273641,Low
404,Ellipsis,EPS,0.166502,-0.001,0.012,-0.0289999999999999,5645716,104379795,0.05408820739684342,Stable
405,Railgun,RAIL,1.81,-0.001,0.021,-0.175,471794,104202720,0.004527655324160444,Low
406,Decentral Games Governance,XDG,0.338029,0.013,0.052,0.013,147662,104005183,0.0014197561673440831,Low
407,Hermez Network,HEZ,6.17,0.002,0.015,0.013,68193,103279211,0.0006602780882979441,Low
408,AIOZ Network,AIOZ,0.214561,-0.012,-0.095,-0.107,5493212,103148149,0.05325555575408338,Stable
409,ICHI,ICHI,23.02,0.005,0.017,0.108,662181,100868057,0.006564823589295469,Low
410,sETH,SETH,2821.01,0.006,0.039,0.033,3277906,100163119,0.03272567820097535,Stable
411,Bitcoin Diamond,BCD,0.52929,0.015,0.0289999999999999,-0.0409999999999999,13758923,99286361,0.13857817792314897,High
412,Metal,MTL,1.52,0.004,-0.001,-0.044,10399052,98146821,0.10595403798152565,Stable
413,Dopex Rebate Token,RDPX,105.79,-0.013,0.052,0.092,1970405,97862985,0.020134323513634905,Stable
414,Wilder World,WILD,1.17,-0.012,0.004,-0.178,4126450,97738316,0.042219368706946,Stable
415,Wrapped Centrifuge,WCFG,0.481036,-0.003,-0.01,-0.043,1727756,95950030,0.01800683126414864,Low
416,Bounce,AUCTION,13.12,0.002,0.002,-0.0,1640514,94608029,0.01734011391358761,Low
417,Augur,REP,13.56,0.001,0.01,-0.0409999999999999,5896456,94396497,0.06246477557318679,Stable
418,sUSD,SUSD,0.997496,0.001,0.004,-0.003,9442897,94221877,0.10021979290435915,Stable
419,Electroneum,ETN,0.005214209583,0.006,0.025,-0.05,189537,93414016,0.0020289995882416616,Low
420,KeeperDAO,ROOK,115.76,0.008,0.07,-0.105,652966,93199097,0.007006140842759453,Low
421,Dvision Network,DVI,0.380746,0.008,0.091,-0.108,2438408,92462684,0.026371806381912947,Stable
422,cUNI,CUNI,0.186789,0.002,0.02,0.013,818771,91378796,0.008960185905710554,Low
423,Wanchain,WAN,0.472639,0.001,0.0,0.003,5680953,91293951,0.062227047222438645,Stable
424,IDEX,IDEX,0.142172,0.004,-0.002,-0.055,11854190,90697310,0.13070056873792618,High
425,Verasity,VRA,0.020213148673,0.008,-0.03,-0.113,55707710,90445041,0.615928848990184,High
426,Neutrino System Base Token,NSBT,35.75,-0.001,0.009,0.188,208377,90375202,0.0023056877925429144,Low
427,Everipedia,IQ,0.008982625251,-0.005,-0.004,-0.005,2844319,90044377,0.03158796911882682,Stable
428,HUNT,HUNT,0.821299,-0.001,0.069,0.006,104480496,89930148,1.1617961086864885,High
429,Somnium Space CUBEs,CUBE,6.89,0.011,0.173,0.2,379297,89700384,0.004228488029661055,Low
430,bZx Protocol,BZRX,0.062809109348,-0.7040000000000001,-0.6459999999999999,-0.4639999999999999,43,88971844,4.832989636586604e-07,Low
431,AllianceBlock,ALBT,0.229837,-0.003,0.038,0.053,380133,88953339,0.004273397764191854,Low
432,ZoidPay,ZPAY,0.303949,-0.004,-0.018,0.212,580730,88904956,0.0065320318025915225,Low
433,Ampleforth,AMPL,1.07,0.0,-0.049,0.104,1359111,88008725,0.015442912052185735,Low
434,Bonfida,FIDA,1.65,-0.002,0.025,-0.083,7357829,87734475,0.08386474074188055,Stable
435,Avalaunch,XAVA,3.92,-0.002,0.034,-0.024,1323970,86912829,0.015233309227570995,Low
436,Adventure Gold,AGLD,1.11,-0.011,0.009,0.089,56512453,85908280,0.6578231225209025,High
437,Adshares,ADS,3.55,0.001,0.0279999999999999,0.298,1188991,85408124,0.013921286925819844,Low
438,Automata,ATA,0.368096,0.004,0.004,-0.003,3784037,83651315,0.04523583400930398,Stable
439,Gains Farm,GFARM2,2330.78,-0.0,0.03,0.102,138508,83519135,0.001658398401755478,Low
440,Crabada,CRA,0.957634,0.026,0.064,0.033,2393019,83266240,0.028739366638868287,Stable
441,CertiK,CTK,1.17,-0.002,-0.003,-0.009,4539353,82895723,0.05475979743852406,Stable
442,Celo Dollar,CUSD,1.0,-0.001,0.005,0.004,2890566,82678314,0.034961598273520675,Stable
443,Propy,PRO,1.43,-0.005,0.087,-0.131,1092863,82507865,0.013245561498894682,Low
444,Swarm,BZZ,1.26,0.002,0.052,-0.0139999999999999,1150674,81979222,0.014036166383720987,Low
445,Clover Finance,CLV,0.313737,-0.003,0.0279999999999999,-0.0139999999999999,10080749,81842102,0.12317314381783596,High
446,Covalent,CQT,0.319453,-0.0,0.036,-0.1,1930543,81675970,0.023636609396864218,Stable
447,chrono.tech,TIME,113.61,0.012,-0.036,-0.2339999999999999,150984,80595619,0.0018733524461174496,Low
448,Biswap,BSW,0.355954,0.002,-0.002,0.0579999999999999,4931153,80314265,0.06139822110057286,Stable
449,Gitcoin,GTC,5.65,0.004,-0.003,-0.102,7848894,80282760,0.09776562240760034,Stable
450,DFI.money,YFII,2018.73,0.001,-0.0139999999999999,-0.001,11327787,80185006,0.1412706385530482,High
451,Redacted Cartel,BTRFLY,129.99,-0.001,0.14,-0.212,2195840,80079688,0.02742068625442197,Stable
452,SafePal,SFP,0.740146,-0.002,0.013,-0.018,8669227,80075567,0.1082630735540093,Stable
453,Platypus Finance,PTP,4.14,0.005,-0.135,-0.354,5248814,79450747,0.06606374638617306,Stable
454,BENQI,QI,0.050743317046,0.0,0.024,-0.048,8530801,79411049,0.10742586966707869,Stable
455,Aergo,AERGO,0.218479,-0.004,0.012,-0.129,7272167,79214487,0.09180349801419531,Stable
456,Enzyme,MLN,54.27,0.005,0.006,0.033,5114354,78897484,0.0648227768581315,Stable
457,Nerve Finance,NRV,0.018468001417,-0.015,0.057,-0.04,26173,77747624,0.0003366405126412609,Low
458,Rai Reflex Index,RAI,3.04,0.003,0.003,0.002,1057135,77616933,0.01361990172943319,Low
459,Aurory,AURY,8.09,-0.001,0.008,0.004,1438567,76843664,0.0187206976491907,Low
460,RIZON,ATOLO,0.034953545858,0.001,-0.018,-0.05,334964,75194885,0.0044546115071523815,Low
461,Aave [OLD],LEND,1.47,0.002,0.079,0.072,11843,75160944,0.00015756853719133703,Low
462,mStable USD,MUSD,0.999305,-0.0,-0.0,0.0,100066,74706759,0.001339450423756169,Low
463,DeFi Pulse Index,DPI,158.57,-0.005,0.024,0.012,264648,74590066,0.0035480327903182176,Low
464,Blox,CDT,0.110513,0.053,0.151,-0.0069999999999999,151228,74560549,0.0020282575977277205,Low
465,PlatonCoin,PLTC,0.682181,-0.001,0.068,0.1989999999999999,195574,74286948,0.002632683200284389,Low
466,ShapeShift FOX Token,FOX,0.272417,0.001,0.002,-0.0279999999999999,671439,74091492,0.00906229557369421,Low
467,Handshake,HNS,0.155984,-0.004,-0.001,-0.168,171651,74049207,0.00231806668773644,Low
468,PEAKDEFI,PEAK,0.05519710958,0.04,-0.018,-0.175,72443,74047013,0.000978337910808097,Low
469,Presearch,PRE,0.186584,0.001,0.037,-0.025,706220,74002744,0.009543159642837027,Low
470,SingularityNET,AGIX,0.082793325047,-0.001,-0.015,-0.081,1211638,73431209,0.016500313919657783,Low
471,Sifchain,EROWAN,0.092998915614,0.005,0.026,-0.031,2618246,72370847,0.036178186500981535,Stable
472,Badger DAO,BADGER,7.24,-0.005,-0.011,-0.074,3893756,72193740,0.05393481484682744,Stable
473,Index Coop - ETH 2x Flexible Leverage Index,ETH2X-FLI,69.79,0.002,0.0559999999999999,0.063,1140003,72083620,0.015815007625865626,Low
474,Oxygen,OXY,0.355128,0.012,0.094,0.09,628756,71658098,0.008774388625274425,Low
475,Hifi Finance,MFT,0.007610380739,-0.003,0.0069999999999999,0.0579999999999999,13457578,71444464,0.18836418172302336,High
476,Vader Protocol,VADER,0.014688496373,0.008,0.022,-0.363,3416278,71296654,0.04791638609015228,Stable
477,MAPS,MAPS,0.944908,0.0069999999999999,0.143,0.121,1481120,70633226,0.020969168249514752,Stable
478,Wrapped NXM,WNXM,26.39,0.003,-0.01,-0.03,1579870,70593491,0.022379825358119772,Stable
479,Sovryn,SOV,3.32,-0.006,-0.0289999999999999,-0.159,732020,70581427,0.010371283652284333,Low
480,Netvrk,NTVRK,1.71,-0.0069999999999999,0.1159999999999999,-0.0289999999999999,2603788,70480323,0.03694347428004835,Stable
481,Dock,DOCK,0.033661853536,0.001,0.008,-0.022,2401530,70448413,0.034089199425968615,Stable
482,ShareToken,SHR,0.007367750574,-0.0,0.0289999999999999,-0.175,261673,69453171,0.0037676177521109872,Low
483,TempleDAO,TEMPLE,0.641015,0.001,-0.036,-0.05,857448,69369413,0.012360606251634276,Low
484,cVault.finance,CORE,6926.41,-0.005,0.026,0.0,42667,68840419,0.0006197957627189922,Low
485,GuildFi,GF,1.58,0.001,0.031,0.019,4047040,68575496,0.05901583271085637,Stable
486,ChainX,PCX,1.64,0.006,-0.015,0.033,523787,68530128,0.007643163894280191,Low
487,Loom Network (OLD),LOOMOLD,0.082172200347,0.005,0.102,0.018,2657217,68416663,0.03883874020573029,Stable
488,Travala.com,AVA,1.32,0.002,-0.01,0.003,3591714,68291858,0.05259359029300389,Stable
489,Banana,BANANA,15.33,0.002,-0.181,0.3929999999999999,541918,68212793,0.007944521491738361,Low
490,IRISnet,IRIS,0.055425599401,0.016,-0.003,-0.088,2976839,68090240,0.043719026397909595,Stable
491,Circuits of Value,COVAL,0.037961003776,0.002,-0.012,-0.054,366787,67826274,0.005407742138393155,Low
492,ARPA Chain,ARPA,0.069003373522,-0.0,0.008,-0.037,13633759,67762845,0.20119814922174534,High
493,SuperRare,RARE,0.464613,-0.003,0.0139999999999999,0.019,9398219,67388220,0.13946382617021194,High
494,Verus Coin,VRSC,0.999387,0.053,0.061,-0.122,20275,67318962,0.00030117814353703196,Low
